Qtr,hosp_claims,ext_claims
2025Q1,179765560.82000005,72185872.86
2025Q2,185658872.45999998,69610002.44
2025Q3,189380414.66000012,64140068.31
2025Q4,182434631.08999994,66470886.16
2026Q1,181228534.99999994,69639405.07
2026Q2,183973116.44999996,64814055.730000004
2026Q3,182227433.41,61999722.559999995
2026Q4,177937894.20999995,64143514.53
