Extras,total_premiums,total_claims,total_margin,avg_policies,policies_start,policies_end,total_services,loss_ratio,margin_pct,qtr_premium_per_policy,qtr_services_per_policy,severity_per_service,qtr_margin_per_policy,policy_growth_pct
Entry,73955177.1945,67720476.06,6234701.134500001,75512.875,71706.0,78514.0,1159297.0,0.9156962180199648,0.08430378198003521,122.42146983958034,1.919038640761592,58.41512231981969,10.320592903031438,0.09494324045407637
Premium,164785342.9968,138351705.45,26433637.546799995,39430.875,42409.0,36738.0,1979417.0,0.8395874471231745,0.16041255287682543,522.3867812875063,6.274959026397461,69.89517895925921,83.79739717543674,-0.13372161569478178
Standard,371466176.865,326931346.15,44534830.714999996,181311.125,191347.0,171760.0,5721637.0,0.8801106709341532,0.11988932906584669,256.0972036775184,3.9446262605231754,57.139477067489594,30.70332192453717,-0.10236376844162699
