Qtr,hosp_prem,hosp_claims,hosp_re,hosp_margin,ext_prem,ext_claims,ext_margin,total_prem,total_claims,total_margin,total_margin_pct
2025Q1,177500798.8995,179765560.82000005,25379581.620074835,23114819.699574795,77358865.0614,72185872.86,5172992.201399997,254859663.9609,251951433.68000007,28287811.90097479,0.11099367966409406
2025Q2,181882711.6028,185658872.46000007,26857414.03481478,23081253.177614722,77421240.084,69610002.44,7811237.644000009,259303951.6868,255268874.90000007,30892490.82161473,0.1191362130066116
2025Q3,182413227.0642,189380414.66000012,26642067.408119313,19674879.81231921,77581322.3928,64140068.31,13441254.0828,259994549.45700002,253520482.97000012,33116133.895119213,0.1273724159382665
2025Q4,180155411.1067,182434631.08999994,27685078.452328216,25405858.469028275,76868626.03140001,66470886.16,10397739.871400014,257024037.13810003,248905517.24999994,35803598.34042829,0.13930058347496455
2026Q1,173477778.7751,181228534.99999997,21272133.845990412,13521377.621090434,74190455.7432,69639405.07,4551050.673200011,247668234.5183,250867940.06999996,18072428.294290446,0.0729703117940831
2026Q2,181054616.3688,183973116.44999996,23832940.896610364,20914440.81541042,75711613.6185,64814055.730000004,10897557.88849999,256766229.9873,248787172.17999995,31811998.70391041,0.1238947921830837
2026Q3,181581127.2397,182227433.41,25351131.34212765,24704825.171827644,75868944.0465,61999722.559999995,13869221.486500002,257450071.2862,244227155.97,38574046.65832765,0.14983117489777645
2026Q4,179289459.0448,177937894.20999995,23007196.786479264,24358761.62127933,75205630.0785,64143514.53,11062115.548500001,254495089.12330002,242081408.73999995,35420877.16977933,0.13918098495259495
